x_comp,u_average,u_stddev,v_average,v_stddev,w_average,w_stddev
0,0,0,0,0,0,0
0.00015,3.5229e-06,0.000763684,0.000216682,0.00223713,-0.00212,0.00306228
0.0003,7.0458e-06,0.00152737,0.000433363,0.00447426,-0.00424,0.00612456
0.00045,1.05687e-05,0.00229105,0.000650045,0.00671138,-0.00636,0.00918685
0.0006,1.40916e-05,0.00305474,0.000866727,0.00894851,-0.00848,0.0122491
0.00075,1.76145e-05,0.00381842,0.00108341,0.0111856,-0.0106,0.0153114
0.0009,2.11374e-05,0.0045821,0.00130009,0.0134228,-0.01272,0.0183737
0.00105,2.46603e-05,0.00534579,0.00151677,0.0156599,-0.01484,0.021436
0.0012,2.81832e-05,0.00610947,0.00173345,0.017897,-0.01696,0.0244983
0.00135,3.17061e-05,0.00687315,0.00195014,0.0201342,-0.01908,0.0275605
0.0015,3.5229e-05,0.00763684,0.00216682,0.0223713,-0.0212,0.0306228
0.00165,3.87519e-05,0.00840052,0.0023835,0.0246084,-0.02332,0.0336851
0.0018,4.22748e-05,0.00916421,0.00260018,0.0268455,-0.02544,0.0367474
0.00195,4.57977e-05,0.00992789,0.00281686,0.0290827,-0.02756,0.0398097
0.0021,4.93206e-05,0.0106916,0.00303354,0.0313198,-0.02968,0.0428719
0.00225,5.28435e-05,0.0114553,0.00325023,0.0335569,-0.0318,0.0459342
0.0024,5.63664e-05,0.0122189,0.00346691,0.0357941,-0.03392,0.0489965
0.00255,5.98893e-05,0.0129826,0.00368359,0.0380312,-0.03604,0.0520588
0.0027,6.34122e-05,0.0137463,0.00390027,0.0402683,-0.03816,0.0551211
0.00285,6.69351e-05,0.01451,0.00411695,0.0425054,-0.04028,0.0581834
0.003,7.0458e-05,0.0152737,0.00433363,0.0447426,-0.0424,0.0612456
0.00315,7.39809e-05,0.0160374,0.00455032,0.0469797,-0.04452,0.0643079
0.0033,7.75038e-05,0.016801,0.004767,0.0492168,-0.04664,0.0673702
0.00345,8.10268e-05,0.0175647,0.00498368,0.0514539,-0.04876,0.0704325
0.0036,8.45497e-05,0.0183284,0.00520036,0.0536911,-0.05088,0.0734948
0.00375,8.80726e-05,0.0190921,0.00541704,0.0559282,-0.053,0.0765571
0.0039,9.15955e-05,0.0198558,0.00563372,0.0581653,-0.05512,0.0796193
0.00405,9.51184e-05,0.0206195,0.00585041,0.0604025,-0.05724,0.0826816
0.0042,9.86413e-05,0.0213831,0.00606709,0.0626396,-0.05936,0.0857439
0.00435,0.000102164,0.0221468,0.00628377,0.0648767,-0.06148,0.0888062
0.0045,0.000105687,0.0229105,0.00650045,0.0671138,-0.0636,0.0918685
0.00465,0.00010921,0.0236742,0.00671713,0.069351,-0.06572,0.0949307
0.0048,6.65086e-05,0.0243546,0.00682928,0.070223,-0.0661862,0.0965397
0.00495,8.39945e-06,0.0250073,0.00690658,0.0706399,-0.0661011,0.0976642
0.0051,-4.97099e-05,0.02566,0.00698389,0.0710569,-0.066016,0.0987888
0.00525,-0.000107819,0.0263127,0.00706119,0.0714739,-0.0659309,0.0999133
0.0054,-0.000165928,0.0269654,0.00713849,0.0718908,-0.0658459,0.101038
0.00555,-0.000224038,0.0276181,0.00721579,0.0723078,-0.0657608,0.102162
0.0057,-0.000282147,0.0282708,0.00729309,0.0727247,-0.0656757,0.103287
0.00585,-0.000340256,0.0289235,0.0073704,0.0731417,-0.0655906,0.104411
0.006,-0.000398366,0.0295762,0.0074477,0.0735587,-0.0655055,0.105536
0.00615,-0.000456475,0.0302289,0.007525,0.0739756,-0.0654205,0.10666
0.0063,-0.000514584,0.0308816,0.0076023,0.0743926,-0.0653354,0.107785
0.00645,-0.000572694,0.0315343,0.00767961,0.0748095,-0.0652503,0.108909
0.0066,-0.000630803,0.032187,0.00775691,0.0752265,-0.0651652,0.110034
0.00675,-0.000688912,0.0328397,0.00783421,0.0756435,-0.0650801,0.111158
0.0069,-0.000747021,0.0334924,0.00791151,0.0760604,-0.064995,0.112283
0.00705,-0.000805131,0.0341451,0.00798882,0.0764774,-0.06491,0.113408
0.0072,-0.00086324,0.0347978,0.00806612,0.0768943,-0.0648249,0.114532
0.00735,-0.000921349,0.0354505,0.00814342,0.0773113,-0.0647398,0.115657
0.0075,-0.000979458,0.0361032,0.00822072,0.0777283,-0.0646547,0.116781
0.00765,-0.00103757,0.0367559,0.00829803,0.0781452,-0.0645696,0.117906
0.0078,-0.00109568,0.0374086,0.00837533,0.0785622,-0.0644846,0.11903
0.00795,-0.00115379,0.0380613,0.00845263,0.0789792,-0.0643995,0.120155
0.0081,-0.0012119,0.038714,0.00852993,0.0793961,-0.0643144,0.121279
0.00825,-0.00127,0.0393667,0.00860723,0.0798131,-0.0642293,0.122404
0.0084,-0.00132811,0.0400194,0.00868454,0.08023,-0.0641442,0.123528
0.00855,-0.00138622,0.0406721,0.00876184,0.080647,-0.0640591,0.124653
0.0087,-0.00144433,0.0413248,0.00883914,0.081064,-0.0639741,0.125777
0.00885,-0.00150244,0.0419775,0.00891644,0.0814809,-0.063889,0.126902
0.009,-0.00156055,0.0426301,0.00899375,0.0818979,-0.0638039,0.128026
0.00915,-0.00161866,0.0432828,0.00907105,0.0823148,-0.0637188,0.129151
0.0093,-0.00167677,0.0439355,0.00914835,0.0827318,-0.0636337,0.130275
0.00945,-0.00174942,0.0444716,0.00922122,0.0829996,-0.0632366,0.131123
0.0096,-0.00183662,0.044891,0.00928965,0.0831182,-0.0625274,0.131694
0.00975,-0.00192382,0.0453104,0.00935808,0.0832368,-0.0618181,0.132265
0.0099,-0.00201101,0.0457297,0.00942652,0.0833555,-0.0611089,0.132836
0.01005,-0.00209821,0.0461491,0.00949495,0.0834741,-0.0603997,0.133407
0.0102,-0.00218541,0.0465685,0.00956338,0.0835927,-0.0596904,0.133977
0.01035,-0.0022726,0.0469879,0.00963181,0.0837113,-0.0589812,0.134548
0.0105,-0.0023598,0.0474073,0.00970025,0.08383,-0.058272,0.135119
0.01065,-0.002447,0.0478267,0.00976868,0.0839486,-0.0575628,0.13569
0.0108,-0.00253419,0.048246,0.00983711,0.0840672,-0.0568535,0.136261
0.01095,-0.00262139,0.0486654,0.00990554,0.0841858,-0.0561443,0.136832
0.0111,-0.00270859,0.0490848,0.00997398,0.0843045,-0.0554351,0.137403
0.01125,-0.00279578,0.0495042,0.0100424,0.0844231,-0.0547258,0.137974
0.0114,-0.00288298,0.0499236,0.0101108,0.0845417,-0.0540166,0.138545
0.01155,-0.00297018,0.050343,0.0101793,0.0846603,-0.0533074,0.139115
0.0117,-0.00305737,0.0507624,0.0102477,0.084779,-0.0525982,0.139686
0.01185,-0.00314457,0.0511817,0.0103161,0.0848976,-0.0518889,0.140257
0.012,-0.00323177,0.0516011,0.0103846,0.0850162,-0.0511797,0.140828
0.01215,-0.00331896,0.0520205,0.010453,0.0851348,-0.0504705,0.141399
0.0123,-0.00340616,0.0524399,0.0105214,0.0852535,-0.0497612,0.14197
0.01245,-0.00349336,0.0528593,0.0105899,0.0853721,-0.049052,0.142541
0.0126,-0.00358055,0.0532787,0.0106583,0.0854907,-0.0483428,0.143112
0.01275,-0.00366775,0.053698,0.0107267,0.0856093,-0.0476335,0.143683
0.0129,-0.00375495,0.0541174,0.0107952,0.0857279,-0.0469243,0.144253
0.01305,-0.00384215,0.0545368,0.0108636,0.0858466,-0.0462151,0.144824
0.0132,-0.00392934,0.0549562,0.010932,0.0859652,-0.0455059,0.145395
0.01335,-0.00401654,0.0553756,0.0110005,0.0860838,-0.0447966,0.145966
0.0135,-0.00410374,0.055795,0.0110689,0.0862024,-0.0440874,0.146537
0.01365,-0.00419093,0.0562144,0.0111373,0.0863211,-0.0433782,0.147108
0.0138,-0.00427813,0.0566337,0.0112058,0.0864397,-0.0426689,0.147679
0.01395,-0.00436533,0.0570531,0.0112742,0.0865583,-0.0419597,0.14825
0.0141,-0.00446041,0.0574404,0.0113332,0.0866369,-0.0412206,0.148793
0.01425,-0.00457917,0.0577312,0.0113639,0.0865954,-0.0403918,0.149252
0.0144,-0.00469793,0.058022,0.0113947,0.0865539,-0.0395629,0.149711
0.01455,-0.0048167,0.0583128,0.0114254,0.0865123,-0.0387341,0.150171
0.0147,-0.00493546,0.0586036,0.0114562,0.0864708,-0.0379053,0.15063
0.01485,-0.00505422,0.0588944,0.0114869,0.0864293,-0.0370765,0.151089
0.015,-0.00517298,0.0591851,0.0115177,0.0863878,-0.0362477,0.151549
0.01515,-0.00529174,0.0594759,0.0115484,0.0863462,-0.0354188,0.152008
0.0153,-0.0054105,0.0597667,0.0115791,0.0863047,-0.03459,0.152467
0.01545,-0.00552926,0.0600575,0.0116099,0.0862632,-0.0337612,0.152927
0.0156,-0.00564802,0.0603483,0.0116406,0.0862217,-0.0329324,0.153386
0.01575,-0.00576678,0.0606391,0.0116714,0.0861801,-0.0321035,0.153845
0.0159,-0.00588554,0.0609299,0.0117021,0.0861386,-0.0312747,0.154305
0.01605,-0.0060043,0.0612207,0.0117329,0.0860971,-0.0304459,0.154764
0.0162,-0.00612307,0.0615115,0.0117636,0.0860556,-0.0296171,0.155224
0.01635,-0.00624183,0.0618023,0.0117943,0.086014,-0.0287883,0.155683
0.0165,-0.00636059,0.0620931,0.0118251,0.0859725,-0.0279594,0.156142
0.01665,-0.00647935,0.0623839,0.0118558,0.085931,-0.0271306,0.156602
0.0168,-0.00659811,0.0626747,0.0118866,0.0858895,-0.0263018,0.157061
0.01695,-0.00671687,0.0629655,0.0119173,0.0858479,-0.025473,0.15752
0.0171,-0.00683563,0.0632563,0.0119481,0.0858064,-0.0246441,0.15798
0.01725,-0.00695439,0.0635471,0.0119788,0.0857649,-0.0238153,0.158439
0.0174,-0.00707315,0.0638379,0.0120095,0.0857234,-0.0229865,0.158898
0.01755,-0.00719191,0.0641287,0.0120403,0.0856818,-0.0221577,0.159358
0.0177,-0.00731067,0.0644195,0.012071,0.0856403,-0.0213288,0.159817
0.01785,-0.00742943,0.0647103,0.0121018,0.0855988,-0.0205,0.160276
0.018,-0.00754819,0.0650011,0.0121325,0.0855573,-0.0196712,0.160736
0.01815,-0.00766696,0.0652919,0.0121633,0.0855157,-0.0188424,0.161195
0.0183,-0.00778572,0.0655827,0.012194,0.0854742,-0.0180136,0.161654
0.01845,-0.00790448,0.0658735,0.0122247,0.0854327,-0.0171847,0.162114
0.0186,-0.00802324,0.0661643,0.0122555,0.0853912,-0.0163559,0.162573
0.01875,-0.008142,0.0664551,0.0122862,0.0853496,-0.0155271,0.163032
0.0189,-0.00827285,0.0667099,0.0122011,0.085304,-0.0146538,0.163351
0.01905,-0.00840369,0.0669647,0.0121159,0.0852583,-0.0137806,0.163669
0.0192,-0.00853454,0.0672196,0.0120308,0.0852126,-0.0129073,0.163987
0.01935,-0.00866539,0.0674744,0.0119456,0.0851669,-0.0120341,0.164306
0.0195,-0.00879623,0.0677293,0.0118605,0.0851212,-0.0111609,0.164624
0.01965,-0.00892708,0.0679841,0.0117753,0.0850756,-0.0102876,0.164942
0.0198,-0.00905793,0.068239,0.0116902,0.0850299,-0.00941437,0.16526
0.01995,-0.00918877,0.0684938,0.011605,0.0849842,-0.00854112,0.165579
0.0201,-0.00931962,0.0687486,0.0115199,0.0849385,-0.00766788,0.165897
0.02025,-0.00945047,0.0690035,0.0114347,0.0848928,-0.00679463,0.166215
0.0204,-0.00958131,0.0692583,0.0113496,0.0848471,-0.00592138,0.166534
0.02055,-0.00971216,0.0695132,0.0112644,0.0848015,-0.00504814,0.166852
0.0207,-0.00984301,0.069768,0.0111793,0.0847558,-0.00417489,0.16717
0.02085,-0.00997386,0.0700228,0.0110941,0.0847101,-0.00330164,0.167488
0.021,-0.0101047,0.0702777,0.011009,0.0846644,-0.0024284,0.167807
0.02115,-0.0102355,0.0705325,0.0109238,0.0846187,-0.00155515,0.168125
0.0213,-0.0103664,0.0707874,0.0108387,0.0845731,-0.000681909,0.168443
0.02145,-0.0104972,0.0710422,0.0107535,0.0845274,0.000191341,0.168762
0.0216,-0.0106281,0.0712971,0.0106683,0.0844817,0.00106459,0.16908
0.02175,-0.0107589,0.0715519,0.0105832,0.084436,0.00193783,0.169398
0.0219,-0.0108898,0.0718067,0.010498,0.0843903,0.00281108,0.169716
0.02205,-0.0110206,0.0720616,0.0104129,0.0843446,0.00368433,0.170035
0.0222,-0.0111515,0.0723164,0.0103277,0.084299,0.00455757,0.170353
0.02235,-0.0112823,0.0725713,0.0102426,0.0842533,0.00543082,0.170671
0.0225,-0.0114132,0.0728261,0.0101574,0.0842076,0.00630407,0.17099
0.02265,-0.011544,0.0730809,0.0100723,0.0841619,0.00717731,0.171308
0.0228,-0.0116749,0.0733358,0.00998714,0.0841162,0.00805056,0.171626
0.02295,-0.0118057,0.0735906,0.00990199,0.0840706,0.0089238,0.171944
0.0231,-0.0119366,0.0738455,0.00981684,0.0840249,0.00979705,0.172263
0.02325,-0.0120674,0.0741003,0.00973169,0.0839792,0.0106703,0.172581
0.0234,-0.0121983,0.0743551,0.00964654,0.0839335,0.0115435,0.172899
0.02355,-0.0123083,0.0745555,0.00952169,0.0838197,0.0124984,0.173151
0.0237,-0.0124113,0.0747376,0.00938362,0.0836832,0.0134804,0.173381
0.02385,-0.0125144,0.0749198,0.00924555,0.0835466,0.0144624,0.17361
0.024,-0.0126174,0.0751019,0.00910748,0.0834101,0.0154445,0.17384
0.02415,-0.0127205,0.0752841,0.00896941,0.0832736,0.0164265,0.174069
0.0243,-0.0128236,0.0754662,0.00883134,0.083137,0.0174085,0.174299
0.02445,-0.0129266,0.0756484,0.00869326,0.0830005,0.0183905,0.174529
0.0246,-0.0130297,0.0758305,0.00855519,0.082864,0.0193726,0.174758
0.02475,-0.0131327,0.0760126,0.00841712,0.0827274,0.0203546,0.174988
0.0249,-0.0132358,0.0761948,0.00827905,0.0825909,0.0213366,0.175217
0.02505,-0.0133388,0.0763769,0.00814098,0.0824544,0.0223186,0.175447
0.0252,-0.0134419,0.0765591,0.00800291,0.0823179,0.0233007,0.175676
0.02535,-0.013545,0.0767412,0.00786484,0.0821813,0.0242827,0.175906
0.0255,-0.013648,0.0769234,0.00772677,0.0820448,0.0252647,0.176136
0.02565,-0.0137511,0.0771055,0.00758869,0.0819083,0.0262468,0.176365
0.0258,-0.0138541,0.0772877,0.00745062,0.0817717,0.0272288,0.176595
0.02595,-0.0139572,0.0774698,0.00731255,0.0816352,0.0282108,0.176824
0.0261,-0.0140603,0.077652,0.00717448,0.0814987,0.0291928,0.177054
0.02625,-0.0141633,0.0778341,0.00703641,0.0813621,0.0301749,0.177284
0.0264,-0.0142664,0.0780163,0.00689834,0.0812256,0.0311569,0.177513
0.02655,-0.0143694,0.0781984,0.00676026,0.0810891,0.0321389,0.177743
0.0267,-0.0144725,0.0783806,0.00662219,0.0809525,0.0331209,0.177972
0.02685,-0.0145756,0.0785627,0.00648412,0.080816,0.034103,0.178202
0.027,-0.0146786,0.0787448,0.00634605,0.0806795,0.035085,0.178432
0.02715,-0.0147817,0.078927,0.00620798,0.0805429,0.036067,0.178661
0.0273,-0.0148847,0.0791091,0.00606991,0.0804064,0.0370491,0.178891
0.02745,-0.0149878,0.0792913,0.00593184,0.0802699,0.0380311,0.17912
0.0276,-0.0150909,0.0794734,0.00579377,0.0801334,0.0390131,0.17935
0.02775,-0.0151939,0.0796556,0.00565569,0.0799968,0.0399951,0.179579
0.0279,-0.015297,0.0798377,0.00551762,0.0798603,0.0409772,0.179809
0.02805,-0.0154,0.0800199,0.00537955,0.0797238,0.0419592,0.180039
0.0282,-0.0155038,0.0801818,0.00525482,0.0795618,0.0429405,0.180222
0.02835,-0.0156083,0.0803235,0.00514343,0.0793743,0.043921,0.18036
0.0285,-0.0157129,0.0804652,0.00503204,0.0791869,0.0449015,0.180498
0.02865,-0.0158174,0.0806069,0.00492065,0.0789994,0.045882,0.180637
0.0288,-0.0159219,0.0807486,0.00480927,0.0788119,0.0468625,0.180775
0.02895,-0.0160264,0.0808903,0.00469788,0.0786245,0.0478431,0.180913
0.0291,-0.0161309,0.081032,0.00458649,0.078437,0.0488236,0.181051
0.02925,-0.0162354,0.0811738,0.0044751,0.0782496,0.0498041,0.181189
0.0294,-0.01634,0.0813155,0.00436371,0.0780621,0.0507846,0.181327
0.02955,-0.0164445,0.0814572,0.00425232,0.0778747,0.0517651,0.181465
0.0297,-0.016549,0.0815989,0.00414093,0.0776872,0.0527456,0.181603
0.02985,-0.0166535,0.0817406,0.00402954,0.0774998,0.0537261,0.181741
0.03,-0.016758,0.0818823,0.00391815,0.0773123,0.0547067,0.181879
0.03015,-0.0168626,0.082024,0.00380677,0.0771249,0.0556872,0.182017
0.0303,-0.0169671,0.0821657,0.00369538,0.0769374,0.0566677,0.182155
0.03045,-0.0170716,0.0823074,0.00358399,0.0767499,0.0576482,0.182293
0.0306,-0.0171761,0.0824491,0.0034726,0.0765625,0.0586287,0.182431
0.03075,-0.0172806,0.0825908,0.00336121,0.076375,0.0596092,0.182569
0.0309,-0.0173852,0.0827325,0.00324982,0.0761876,0.0605898,0.182707
0.03105,-0.0174897,0.0828742,0.00313843,0.0760001,0.0615703,0.182845
0.0312,-0.0175942,0.0830159,0.00302704,0.0758127,0.0625508,0.182983
0.03135,-0.0176987,0.0831577,0.00291565,0.0756252,0.0635313,0.183121
0.0315,-0.0178032,0.0832994,0.00280426,0.0754378,0.0645118,0.183259
0.03165,-0.0179078,0.0834411,0.00269288,0.0752503,0.0654923,0.183397
0.0318,-0.0180123,0.0835828,0.00258149,0.0750628,0.0664729,0.183535
0.03195,-0.0181168,0.0837245,0.0024701,0.0748754,0.0674534,0.183673
0.0321,-0.0182213,0.0838662,0.00235871,0.0746879,0.0684339,0.183811
0.03225,-0.0183258,0.0840079,0.00224732,0.0745005,0.0694144,0.183949
0.0324,-0.0184303,0.0841496,0.00213593,0.074313,0.0703949,0.184087
0.03255,-0.0185349,0.0842913,0.00202454,0.0741256,0.0713754,0.184225
0.0327,-0.0186394,0.084433,0.00191316,0.0739381,0.0723559,0.184363
0.03285,-0.0187524,0.0845646,0.00180671,0.0738131,0.0733059,0.184455
0.033,-0.0188909,0.0846656,0.0017151,0.0738756,0.0741641,0.184408
0.03315,-0.0190294,0.0847667,0.00162349,0.073938,0.0750223,0.184361
0.0333,-0.0191679,0.0848678,0.00153187,0.0740004,0.0758805,0.184314
0.03345,-0.0193064,0.0849688,0.00144026,0.0740629,0.0767388,0.184267
0.0336,-0.0194449,0.0850699,0.00134865,0.0741253,0.077597,0.18422
0.03375,-0.0195834,0.0851709,0.00125703,0.0741877,0.0784552,0.184173
0.0339,-0.0197219,0.085272,0.00116542,0.0742501,0.0793134,0.184127
0.03405,-0.0198605,0.0853731,0.00107381,0.0743126,0.0801716,0.18408
0.0342,-0.019999,0.0854741,0.000982195,0.074375,0.0810298,0.184033
0.03435,-0.0201375,0.0855752,0.000890583,0.0744374,0.0818881,0.183986
0.0345,-0.020276,0.0856763,0.000798971,0.0744999,0.0827463,0.183939
0.03465,-0.0204145,0.0857773,0.000707357,0.0745623,0.0836045,0.183892
0.0348,-0.020553,0.0858784,0.000615745,0.0746247,0.0844627,0.183845
0.03495,-0.0206915,0.0859794,0.000524133,0.0746872,0.0853209,0.183798
0.0351,-0.02083,0.0860805,0.000432519,0.0747496,0.0861792,0.183751
0.03525,-0.0209685,0.0861816,0.000340907,0.074812,0.0870374,0.183704
0.0354,-0.021107,0.0862826,0.000249295,0.0748744,0.0878956,0.183657
0.03555,-0.0212455,0.0863837,0.000157683,0.0749369,0.0887538,0.18361
0.0357,-0.021384,0.0864848,6.60691e-05,0.0749993,0.089612,0.183563
0.03585,-0.0215225,0.0865858,-2.55428e-05,0.0750617,0.0904702,0.183516
0.036,-0.021661,0.0866869,-0.000117155,0.0751242,0.0913284,0.183469
0.03615,-0.0217995,0.086788,-0.000208769,0.0751866,0.0921867,0.183423
0.0363,-0.0219381,0.086889,-0.000300381,0.075249,0.0930449,0.183376
0.03645,-0.0220766,0.0869901,-0.000391993,0.0753115,0.0939031,0.183329
0.0366,-0.0222151,0.0870911,-0.000483607,0.0753739,0.0947613,0.183282
0.03675,-0.0223536,0.0871922,-0.000575219,0.0754363,0.0956195,0.183235
0.0369,-0.0224921,0.0872933,-0.000666831,0.0754988,0.0964777,0.183188
0.03705,-0.0226306,0.0873943,-0.000758445,0.0755612,0.097336,0.183141
0.0372,-0.0227691,0.0874954,-0.000850057,0.0756236,0.0981942,0.183094
0.03735,-0.0229076,0.0875965,-0.000941669,0.075686,0.0990524,0.183047
0.0375,-0.0230461,0.0876975,-0.00103328,0.0757485,0.0999106,0.183
0.03765,-0.0231444,0.0878442,-0.00110449,0.0760715,0.100719,0.182838
0.0378,-0.0232426,0.0879909,-0.0011757,0.0763945,0.101527,0.182676
0.03795,-0.0233409,0.0881377,-0.00124691,0.0767176,0.102335,0.182514
0.0381,-0.0234392,0.0882844,-0.00131812,0.0770406,0.103143,0.182352
0.03825,-0.0235374,0.0884311,-0.00138933,0.0773636,0.103952,0.18219
0.0384,-0.0236357,0.0885778,-0.00146054,0.0776867,0.10476,0.182028
0.03855,-0.023734,0.0887245,-0.00153175,0.0780097,0.105568,0.181866
0.0387,-0.0238323,0.0888712,-0.00160295,0.0783327,0.106376,0.181704
0.03885,-0.0239305,0.0890179,-0.00167416,0.0786557,0.107184,0.181542
0.039,-0.0240288,0.0891647,-0.00174537,0.0789788,0.107993,0.18138
0.03915,-0.0241271,0.0893114,-0.00181658,0.0793018,0.108801,0.181218
0.0393,-0.0242253,0.0894581,-0.00188779,0.0796248,0.109609,0.181056
0.03945,-0.0243236,0.0896048,-0.001959,0.0799479,0.110417,0.180894
0.0396,-0.0244219,0.0897515,-0.00203021,0.0802709,0.111226,0.180732
0.03975,-0.0245201,0.0898982,-0.00210142,0.0805939,0.112034,0.18057
0.0399,-0.0246184,0.0900449,-0.00217263,0.080917,0.112842,0.180408
0.04005,-0.0247167,0.0901916,-0.00224384,0.08124,0.11365,0.180246
0.0402,-0.0248149,0.0903383,-0.00231504,0.081563,0.114458,0.180084
0.04035,-0.0249132,0.0904851,-0.00238625,0.081886,0.115267,0.179922
0.0405,-0.0250115,0.0906318,-0.00245746,0.0822091,0.116075,0.17976
0.04065,-0.0251097,0.0907785,-0.00252867,0.0825321,0.116883,0.179598
0.0408,-0.025208,0.0909252,-0.00259988,0.0828551,0.117691,0.179436
0.04095,-0.0253063,0.0910719,-0.00267109,0.0831782,0.118499,0.179274
0.0411,-0.0254045,0.0912186,-0.0027423,0.0835012,0.119308,0.179112
0.04125,-0.0255028,0.0913653,-0.00281351,0.0838242,0.120116,0.17895
0.0414,-0.0256011,0.0915121,-0.00288472,0.0841473,0.120924,0.178788
0.04155,-0.0256994,0.0916588,-0.00295593,0.0844703,0.121732,0.178626
0.0417,-0.0257976,0.0918055,-0.00302714,0.0847933,0.12254,0.178464
0.04185,-0.0258959,0.0919522,-0.00309834,0.0851163,0.123349,0.178302
0.042,-0.0259942,0.0920989,-0.00316955,0.0854394,0.124157,0.17814
0.04215,-0.0260924,0.0922456,-0.00324076,0.0857624,0.124965,0.177978
0.0423,-0.0261632,0.092364,-0.00328529,0.0860798,0.125811,0.177876
0.04245,-0.0262248,0.0924729,-0.00332093,0.0863953,0.12667,0.177795
0.0426,-0.0262864,0.0925818,-0.00335657,0.0867108,0.127529,0.177713
0.04275,-0.026348,0.0926907,-0.00339221,0.0870264,0.128388,0.177632
0.0429,-0.0264097,0.0927996,-0.00342785,0.0873419,0.129246,0.17755
0.04305,-0.0264713,0.0929084,-0.00346349,0.0876574,0.130105,0.177469
0.0432,-0.0265329,0.0930173,-0.00349913,0.0879729,0.130964,0.177387
0.04335,-0.0265945,0.0931262,-0.00353477,0.0882884,0.131823,0.177305
0.0435,-0.0266561,0.0932351,-0.00357041,0.0886039,0.132682,0.177224
0.04365,-0.0267177,0.093344,-0.00360605,0.0889195,0.133541,0.177142
0.0438,-0.0267793,0.0934529,-0.00364169,0.089235,0.134399,0.177061
0.04395,-0.0268409,0.0935618,-0.00367732,0.0895505,0.135258,0.176979
0.0441,-0.0269025,0.0936707,-0.00371296,0.089866,0.136117,0.176898
0.04425,-0.0269642,0.0937796,-0.0037486,0.0901815,0.136976,0.176816
0.0444,-0.0270258,0.0938885,-0.00378424,0.0904971,0.137835,0.176735
0.04455,-0.0270874,0.0939974,-0.00381988,0.0908126,0.138693,0.176653
0.0447,-0.027149,0.0941063,-0.00385552,0.0911281,0.139552,0.176571
0.04485,-0.0272106,0.0942152,-0.00389116,0.0914436,0.140411,0.17649
0.045,-0.0272722,0.0943241,-0.0039268,0.0917591,0.14127,0.176408
0.04515,-0.0273338,0.094433,-0.00396244,0.0920747,0.142129,0.176327
0.0453,-0.0273954,0.0945419,-0.00399808,0.0923902,0.142988,0.176245
0.04545,-0.027457,0.0946508,-0.00403372,0.0927057,0.143846,0.176164
0.0456,-0.0275187,0.0947597,-0.00406936,0.0930212,0.144705,0.176082
0.04575,-0.0275803,0.0948686,-0.004105,0.0933367,0.145564,0.176001
0.0459,-0.0276419,0.0949775,-0.00414063,0.0936522,0.146423,0.175919
0.04605,-0.0277035,0.0950864,-0.00417627,0.0939678,0.147282,0.175837
0.0462,-0.0277651,0.0951953,-0.00421191,0.0942833,0.14814,0.175756
0.04635,-0.0278267,0.0953042,-0.00424755,0.0945988,0.148999,0.175674
0.0465,-0.0278883,0.0954131,-0.00428319,0.0949143,0.149858,0.175593
0.04665,-0.0279499,0.095522,-0.00431883,0.0952298,0.150717,0.175511
0.0468,-0.0280115,0.0956309,-0.00435447,0.0955454,0.151576,0.17543
0.04695,-0.0280572,0.0957022,-0.00436253,0.0958088,0.152456,0.175391
0.0471,-0.0280868,0.0957361,-0.004343,0.0960202,0.153358,0.175396
0.04725,-0.0281164,0.0957699,-0.00432347,0.0962315,0.154259,0.175401
0.0474,-0.028146,0.0958037,-0.00430395,0.0964429,0.155161,0.175406
0.04755,-0.0281756,0.0958376,-0.00428442,0.0966543,0.156062,0.175411
0.0477,-0.0282052,0.0958714,-0.0042649,0.0968657,0.156964,0.175416
0.04785,-0.0282348,0.0959052,-0.00424537,0.097077,0.157866,0.175421
0.048,-0.0282644,0.0959391,-0.00422585,0.0972884,0.158767,0.175425
0.04815,-0.028294,0.0959729,-0.00420632,0.0974998,0.159669,0.17543
0.0483,-0.0283236,0.0960067,-0.00418679,0.0977112,0.16057,0.175435
0.04845,-0.0283532,0.0960405,-0.00416727,0.0979225,0.161472,0.17544
0.0486,-0.0283828,0.0960744,-0.00414774,0.0981339,0.162374,0.175445
0.04875,-0.0284124,0.0961082,-0.00412822,0.0983453,0.163275,0.17545
0.0489,-0.028442,0.096142,-0.00410869,0.0985566,0.164177,0.175455
0.04905,-0.0284717,0.0961759,-0.00408916,0.098768,0.165078,0.17546
0.0492,-0.0285013,0.0962097,-0.00406964,0.0989794,0.16598,0.175465
0.04935,-0.0285309,0.0962435,-0.00405011,0.0991908,0.166882,0.175469
0.0495,-0.0285605,0.0962774,-0.00403059,0.0994021,0.167783,0.175474
0.04965,-0.0285901,0.0963112,-0.00401106,0.0996135,0.168685,0.175479
0.0498,-0.0286197,0.096345,-0.00399153,0.0998249,0.169587,0.175484
0.04995,-0.0286493,0.0963789,-0.00397201,0.100036,0.170488,0.175489
0.0501,-0.0286789,0.0964127,-0.00395248,0.100248,0.17139,0.175494
0.05025,-0.0287085,0.0964465,-0.00393296,0.100459,0.172291,0.175499
0.0504,-0.0287381,0.0964803,-0.00391343,0.10067,0.173193,0.175504
0.05055,-0.0287677,0.0965142,-0.00389391,0.100882,0.174095,0.175508
0.0507,-0.0287973,0.096548,-0.00387438,0.101093,0.174996,0.175513
0.05085,-0.0288269,0.0965818,-0.00385485,0.101304,0.175898,0.175518
0.051,-0.0288565,0.0966157,-0.00383533,0.101516,0.176799,0.175523
0.05115,-0.0288862,0.0966495,-0.0038158,0.101727,0.177701,0.175528
0.0513,-0.0289158,0.0966833,-0.00379628,0.101939,0.178603,0.175533
0.05145,-0.0289454,0.0967172,-0.00377675,0.10215,0.179504,0.175538
0.0516,-0.0289627,0.0967404,-0.00373186,0.102322,0.180378,0.17552
0.05175,-0.0289432,0.096732,-0.00361087,0.102377,0.181166,0.175436
0.0519,-0.0289237,0.0967236,-0.00348987,0.102432,0.181954,0.175352
0.05205,-0.0289042,0.0967151,-0.00336888,0.102487,0.182742,0.175268
0.0522,-0.0288847,0.0967067,-0.00324789,0.102542,0.18353,0.175183
0.05235,-0.0288652,0.0966982,-0.0031269,0.102598,0.184318,0.175099
0.0525,-0.0288456,0.0966898,-0.00300591,0.102653,0.185106,0.175015
0.05265,-0.0288261,0.0966814,-0.00288492,0.102708,0.185894,0.17493
0.0528,-0.0288066,0.0966729,-0.00276393,0.102763,0.186682,0.174846
0.05295,-0.0287871,0.0966645,-0.00264294,0.102818,0.18747,0.174762
0.0531,-0.0287676,0.0966561,-0.00252194,0.102873,0.188259,0.174678
0.05325,-0.0287481,0.0966476,-0.00240095,0.102928,0.189047,0.174593
0.0534,-0.0287286,0.0966392,-0.00227996,0.102983,0.189835,0.174509
0.05355,-0.0287091,0.0966308,-0.00215897,0.103038,0.190623,0.174425
0.0537,-0.0286896,0.0966223,-0.00203798,0.103093,0.191411,0.174341
0.05385,-0.0286701,0.0966139,-0.00191699,0.103148,0.192199,0.174256
0.054,-0.0286506,0.0966054,-0.00179599,0.103203,0.192987,0.174172
0.05415,-0.0286311,0.096597,-0.001675,0.103258,0.193775,0.174088
0.0543,-0.0286116,0.0965886,-0.00155401,0.103313,0.194563,0.174003
0.05445,-0.0285921,0.0965801,-0.00143302,0.103368,0.195351,0.173919
0.0546,-0.0285725,0.0965717,-0.00131203,0.103423,0.19614,0.173835
0.05475,-0.028553,0.0965633,-0.00119104,0.103478,0.196928,0.173751
0.0549,-0.0285335,0.0965548,-0.00107004,0.103533,0.197716,0.173666
0.05505,-0.028514,0.0965464,-0.000949053,0.103589,0.198504,0.173582
0.0552,-0.0284945,0.096538,-0.000828062,0.103644,0.199292,0.173498
0.05535,-0.028475,0.0965295,-0.000707072,0.103699,0.20008,0.173413
0.0555,-0.0284555,0.0965211,-0.000586078,0.103754,0.200868,0.173329
0.05565,-0.028436,0.0965126,-0.000465088,0.103809,0.201656,0.173245
0.0558,-0.0284165,0.0965042,-0.000344097,0.103864,0.202444,0.173161
0.05595,-0.028397,0.0964958,-0.000223104,0.103919,0.203232,0.173076
0.0561,-0.0283775,0.0964873,-0.000102113,0.103974,0.204021,0.172992
0.05625,-0.028358,0.0964789,1.88773e-05,0.104029,0.204809,0.172908
0.0564,-0.0282781,0.096491,0.000249689,0.104014,0.205401,0.172759
0.05655,-0.0281982,0.0965031,0.000480496,0.103998,0.205994,0.17261
0.0567,-0.0281184,0.0965152,0.000711304,0.103983,0.206587,0.172461
0.05685,-0.0280385,0.0965273,0.000942117,0.103968,0.207179,0.172313
0.057,-0.0279586,0.0965394,0.00117292,0.103953,0.207772,0.172164
0.05715,-0.0278787,0.0965515,0.00140373,0.103937,0.208365,0.172015
0.0573,-0.0277989,0.0965636,0.00163454,0.103922,0.208957,0.171866
0.05745,-0.027719,0.0965757,0.00186535,0.103907,0.20955,0.171717
0.0576,-0.0276391,0.0965878,0.00209616,0.103892,0.210143,0.171569
0.05775,-0.0275593,0.0965999,0.00232697,0.103876,0.210735,0.17142
0.0579,-0.0274794,0.096612,0.00255778,0.103861,0.211328,0.171271
0.05805,-0.0273995,0.0966241,0.00278859,0.103846,0.211921,0.171122
0.0582,-0.0273196,0.0966362,0.0030194,0.10383,0.212513,0.170973
0.05835,-0.0272398,0.0966483,0.00325021,0.103815,0.213106,0.170825
0.0585,-0.0271599,0.0966604,0.00348101,0.1038,0.213699,0.170676
0.05865,-0.02708,0.0966725,0.00371182,0.103785,0.214291,0.170527
0.0588,-0.0270002,0.0966846,0.00394263,0.103769,0.214884,0.170378
0.05895,-0.0269203,0.0966967,0.00417344,0.103754,0.215477,0.170229
0.0591,-0.0268404,0.0967088,0.00440425,0.103739,0.216069,0.170081
0.05925,-0.0267605,0.0967209,0.00463506,0.103724,0.216662,0.169932
0.0594,-0.0266807,0.0967331,0.00486587,0.103708,0.217255,0.169783
0.05955,-0.0266008,0.0967452,0.00509668,0.103693,0.217848,0.169634
0.0597,-0.0265209,0.0967573,0.00532749,0.103678,0.21844,0.169485
0.05985,-0.0264411,0.0967694,0.0055583,0.103662,0.219033,0.169337
0.06,-0.0263612,0.0967815,0.0057891,0.103647,0.219626,0.169188
0.06015,-0.0262813,0.0967936,0.00601992,0.103632,0.220218,0.169039
0.0603,-0.0262014,0.0968057,0.00625072,0.103617,0.220811,0.16889
0.06045,-0.0261216,0.0968178,0.00648153,0.103601,0.221404,0.168741
0.0606,-0.0260417,0.0968299,0.00671234,0.103586,0.221996,0.168592
0.06075,-0.0259618,0.096842,0.00694315,0.103571,0.222589,0.168444
0.0609,-0.025882,0.0968541,0.00717396,0.103556,0.223182,0.168295
0.06105,-0.0257481,0.0968448,0.00737608,0.103501,0.22366,0.168181
0.0612,-0.0255963,0.0968283,0.00756864,0.103434,0.224101,0.168079
0.06135,-0.0254445,0.0968118,0.00776119,0.103367,0.224542,0.167978
0.0615,-0.0252927,0.0967954,0.00795375,0.1033,0.224982,0.167876
0.06165,-0.0251409,0.0967789,0.00814631,0.103232,0.225423,0.167774
0.0618,-0.0249891,0.0967625,0.00833887,0.103165,0.225864,0.167672
0.06195,-0.0248373,0.096746,0.00853142,0.103098,0.226305,0.16757
0.0621,-0.0246855,0.0967296,0.00872398,0.103031,0.226745,0.167468
0.06225,-0.0245337,0.0967131,0.00891654,0.102963,0.227186,0.167366
0.0624,-0.0243819,0.0966967,0.00910909,0.102896,0.227627,0.167264
0.06255,-0.0242301,0.0966802,0.00930165,0.102829,0.228067,0.167162
0.0627,-0.0240783,0.0966637,0.00949421,0.102762,0.228508,0.167061
0.06285,-0.0239265,0.0966473,0.00968676,0.102694,0.228949,0.166959
0.063,-0.0237746,0.0966308,0.00987933,0.102627,0.22939,0.166857
0.06315,-0.0236228,0.0966144,0.0100719,0.10256,0.22983,0.166755
0.0633,-0.023471,0.0965979,0.0102644,0.102493,0.230271,0.166653
0.06345,-0.0233192,0.0965815,0.010457,0.102425,0.230712,0.166551
0.0636,-0.0231674,0.096565,0.0106496,0.102358,0.231152,0.166449
0.06375,-0.0230156,0.0965486,0.0108421,0.102291,0.231593,0.166347
0.0639,-0.0228638,0.0965321,0.0110347,0.102224,0.232034,0.166246
0.06405,-0.022712,0.0965157,0.0112272,0.102156,0.232475,0.166144
0.0642,-0.0225602,0.0964992,0.0114198,0.102089,0.232915,0.166042
0.06435,-0.0224084,0.0964827,0.0116123,0.102022,0.233356,0.16594
0.0645,-0.0222566,0.0964663,0.0118049,0.101955,0.233797,0.165838
0.06465,-0.0221048,0.0964498,0.0119975,0.101887,0.234237,0.165736
0.0648,-0.021953,0.0964334,0.01219,0.10182,0.234678,0.165634
0.06495,-0.0218012,0.0964169,0.0123826,0.101753,0.235119,0.165532
0.0651,-0.0216494,0.0964005,0.0125751,0.101686,0.23556,0.165431
0.06525,-0.0214976,0.096384,0.0127677,0.101618,0.236,0.165329
0.0654,-0.0213457,0.0963676,0.0129602,0.101551,0.236441,0.165227
0.06555,-0.0211939,0.0963511,0.0131528,0.101484,0.236882,0.165125
0.0657,-0.0210029,0.096336,0.0132753,0.101421,0.237251,0.165109
0.06585,-0.0207726,0.0963223,0.0133277,0.101363,0.237547,0.16518
0.066,-0.0205423,0.0963085,0.0133802,0.101304,0.237844,0.16525
0.06615,-0.020312,0.0962948,0.0134326,0.101246,0.238141,0.165321
0.0663,-0.0200817,0.096281,0.013485,0.101187,0.238438,0.165392
0.06645,-0.0198514,0.0962673,0.0135375,0.101129,0.238735,0.165462
0.0666,-0.0196211,0.0962536,0.0135899,0.10107,0.239032,0.165533
0.06675,-0.0193908,0.0962398,0.0136423,0.101012,0.239329,0.165603
0.0669,-0.0191605,0.0962261,0.0136948,0.100953,0.239626,0.165674
0.06705,-0.0189302,0.0962124,0.0137472,0.100895,0.239923,0.165745
0.0672,-0.0186999,0.0961986,0.0137996,0.100836,0.24022,0.165815
0.06735,-0.0184696,0.0961849,0.0138521,0.100778,0.240516,0.165886
0.0675,-0.0182393,0.0961711,0.0139045,0.100719,0.240813,0.165957
0.06765,-0.0180091,0.0961574,0.0139569,0.100661,0.24111,0.166027
0.0678,-0.0177788,0.0961437,0.0140094,0.100602,0.241407,0.166098
0.06795,-0.0175485,0.0961299,0.0140618,0.100544,0.241704,0.166168
0.0681,-0.0173182,0.0961162,0.0141142,0.100485,0.242001,0.166239
0.06825,-0.0170879,0.0961025,0.0141667,0.100427,0.242298,0.16631
0.0684,-0.0168576,0.0960887,0.0142191,0.100368,0.242595,0.16638
0.06855,-0.0166273,0.096075,0.0142715,0.10031,0.242892,0.166451
0.0687,-0.016397,0.0960612,0.014324,0.100252,0.243189,0.166521
0.06885,-0.0161667,0.0960475,0.0143764,0.100193,0.243486,0.166592
0.069,-0.0159364,0.0960338,0.0144288,0.100135,0.243782,0.166663
0.06915,-0.0157061,0.09602,0.0144813,0.100076,0.244079,0.166733
0.0693,-0.0154758,0.0960063,0.0145337,0.100018,0.244376,0.166804
0.06945,-0.0152455,0.0959926,0.0145861,0.0999592,0.244673,0.166874
0.0696,-0.0150152,0.0959788,0.0146385,0.0999007,0.24497,0.166945
0.06975,-0.0147849,0.0959651,0.014691,0.0998422,0.245267,0.167016
0.0699,-0.0145546,0.0959513,0.0147434,0.0997838,0.245564,0.167086
0.07005,-0.0143243,0.0959376,0.0147958,0.0997253,0.245861,0.167157
0.0702,-0.014094,0.0959239,0.0148483,0.0996668,0.246158,0.167227
0.07035,-0.013853,0.0959235,0.0148782,0.099614,0.246421,0.167332
0.0705,-0.0135795,0.0959633,0.0148403,0.0995783,0.246584,0.16754
0.07065,-0.0133061,0.0960032,0.0148025,0.0995425,0.246748,0.167748
0.0708,-0.0130327,0.096043,0.0147647,0.0995068,0.246911,0.167956
0.07095,-0.0127593,0.0960828,0.0147269,0.099471,0.247074,0.168164
0.0711,-0.0124858,0.0961226,0.0146891,0.0994353,0.247237,0.168372
0.07125,-0.0122124,0.0961625,0.0146512,0.0993996,0.247401,0.16858
0.0714,-0.011939,0.0962023,0.0146134,0.0993638,0.247564,0.168789
0.07155,-0.0116656,0.0962421,0.0145756,0.0993281,0.247727,0.168997
0.0717,-0.0113921,0.0962819,0.0145378,0.0992923,0.247891,0.169205
0.07185,-0.0111187,0.0963217,0.0145,0.0992566,0.248054,0.169413
0.072,-0.0108453,0.0963616,0.0144622,0.0992208,0.248217,0.169621
0.07215,-0.0105719,0.0964014,0.0144243,0.0991851,0.24838,0.169829
0.0723,-0.0102984,0.0964412,0.0143865,0.0991494,0.248544,0.170037
0.07245,-0.010025,0.096481,0.0143487,0.0991136,0.248707,0.170245
0.0726,-0.00975159,0.0965209,0.0143109,0.0990779,0.24887,0.170453
0.07275,-0.00947816,0.0965607,0.0142731,0.0990421,0.249033,0.170661
0.0729,-0.00920475,0.0966005,0.0142352,0.0990064,0.249197,0.170869
0.07305,-0.00893132,0.0966403,0.0141974,0.0989707,0.24936,0.171077
0.0732,-0.00865789,0.0966801,0.0141596,0.0989349,0.249523,0.171285
0.07335,-0.00838447,0.09672,0.0141218,0.0988992,0.249686,0.171493
0.0735,-0.00811105,0.0967598,0.014084,0.0988634,0.24985,0.171701
0.07365,-0.00783762,0.0967996,0.0140462,0.0988277,0.250013,0.171909
0.0738,-0.0075642,0.0968394,0.0140083,0.0987919,0.250176,0.172117
0.07395,-0.00729077,0.0968793,0.0139705,0.0987562,0.25034,0.172325
0.0741,-0.00701734,0.0969191,0.0139327,0.0987205,0.250503,0.172533
0.07425,-0.00674393,0.0969589,0.0138949,0.0986847,0.250666,0.172741
0.0744,-0.0064705,0.0969987,0.0138571,0.098649,0.250829,0.172949
0.07455,-0.00619707,0.0970386,0.0138192,0.0986132,0.250993,0.173157
0.0747,-0.00592366,0.0970784,0.0137814,0.0985775,0.251156,0.173365
0.07485,-0.00565023,0.0971182,0.0137436,0.0985417,0.251319,0.173573
0.075,-0.0053768,0.097158,0.0137058,0.098506,0.251482,0.173781
0.07515,-0.0051189,0.0971842,0.0136086,0.0984034,0.251515,0.17413
0.0753,-0.00486098,0.0972104,0.0135113,0.0983009,0.251547,0.174478
0.07545,-0.00460306,0.0972366,0.0134141,0.0981983,0.25158,0.174827
0.0756,-0.00434516,0.0972628,0.0133169,0.0980957,0.251612,0.175176
0.07575,-0.00408724,0.0972889,0.0132197,0.0979931,0.251644,0.175525
0.0759,-0.00382933,0.0973151,0.0131225,0.0978906,0.251677,0.175874
0.07605,-0.00357142,0.0973413,0.0130252,0.097788,0.251709,0.176223
0.0762,-0.00331351,0.0973675,0.012928,0.0976854,0.251742,0.176572
0.07635,-0.00305559,0.0973937,0.0128308,0.0975828,0.251774,0.17692
0.0765,-0.00279769,0.0974199,0.0127336,0.0974803,0.251807,0.177269
0.07665,-0.00253977,0.097446,0.0126363,0.0973777,0.251839,0.177618
0.0768,-0.00228186,0.0974722,0.0125391,0.0972751,0.251871,0.177967
0.07695,-0.00202395,0.0974984,0.0124419,0.0971725,0.251904,0.178316
0.0771,-0.00176604,0.0975246,0.0123447,0.09707,0.251936,0.178665
0.07725,-0.00150813,0.0975508,0.0122475,0.0969674,0.251969,0.179014
0.0774,-0.00125022,0.097577,0.0121502,0.0968648,0.252001,0.179362
0.07755,-0.0009923,0.0976031,0.012053,0.0967622,0.252033,0.179711
0.0777,-0.000734396,0.0976293,0.0119558,0.0966597,0.252066,0.18006
0.07785,-0.00047648,0.0976555,0.0118586,0.0965571,0.252098,0.180409
0.078,-0.000218564,0.0976817,0.0117613,0.0964545,0.252131,0.180758
0.07815,3.93398e-05,0.0977079,0.0116641,0.0963519,0.252163,0.181107
0.0783,0.000297256,0.0977341,0.0115669,0.0962494,0.252196,0.181456
0.07845,0.000555172,0.0977602,0.0114697,0.0961468,0.252228,0.181804
0.0786,0.000813076,0.0977864,0.0113725,0.0960442,0.25226,0.182153
0.07875,0.00107099,0.0978126,0.0112752,0.0959416,0.252293,0.182502
0.0789,0.00132891,0.0978388,0.011178,0.0958391,0.252325,0.182851
0.07905,0.00158681,0.097865,0.0110808,0.0957365,0.252358,0.1832
0.0792,0.00184473,0.0978912,0.0109836,0.0956339,0.25239,0.183549
0.07935,0.00210264,0.0979174,0.0108863,0.0955313,0.252422,0.183898
0.0795,0.00236055,0.0979435,0.0107891,0.0954288,0.252455,0.184246
0.07965,0.00261846,0.0979697,0.0106919,0.0953262,0.252487,0.184595
0.0798,0.00283258,0.0979398,0.0105854,0.0952049,0.252388,0.184919
0.07995,0.00303208,0.0978912,0.0104758,0.0950773,0.252245,0.185234
0.0801,0.0032316,0.0978425,0.0103662,0.0949497,0.252102,0.185549
0.08025,0.00343111,0.0977939,0.0102566,0.0948222,0.25196,0.185864
0.0804,0.00363062,0.0977453,0.010147,0.0946946,0.251817,0.186179
0.08055,0.00383013,0.0976966,0.0100374,0.0945671,0.251674,0.186494
0.0807,0.00402965,0.097648,0.00992785,0.0944395,0.251531,0.186809
0.08085,0.00422915,0.0975994,0.00981826,0.0943119,0.251388,0.187124
0.081,0.00442867,0.0975508,0.00970866,0.0941844,0.251245,0.187439
0.08115,0.00462818,0.0975021,0.00959907,0.0940568,0.251102,0.187754
0.0813,0.00482769,0.0974535,0.00948948,0.0939293,0.250959,0.188069
0.08145,0.0050272,0.0974049,0.00937989,0.0938017,0.250816,0.188384
0.0816,0.00522672,0.0973562,0.0092703,0.0936741,0.250674,0.188699
0.08175,0.00542622,0.0973076,0.00916071,0.0935466,0.250531,0.189014
0.0819,0.00562574,0.097259,0.00905111,0.093419,0.250388,0.189329
0.08205,0.00582525,0.0972104,0.00894152,0.0932914,0.250245,0.189644
0.0822,0.00602476,0.0971617,0.00883193,0.0931639,0.250102,0.189959
0.08235,0.00622427,0.0971131,0.00872234,0.0930363,0.249959,0.190274
0.0825,0.00642379,0.0970645,0.00861275,0.0929087,0.249816,0.190589
0.08265,0.00662329,0.0970158,0.00850316,0.0927812,0.249673,0.190904
0.0828,0.00682281,0.0969672,0.00839356,0.0926536,0.24953,0.191219
0.08295,0.00702232,0.0969186,0.00828397,0.0925261,0.249387,0.191534
0.0831,0.00722183,0.0968699,0.00817438,0.0923985,0.249245,0.191849
0.08325,0.00742134,0.0968213,0.00806479,0.0922709,0.249102,0.192164
0.0834,0.00762086,0.0967727,0.0079552,0.0921434,0.248959,0.192479
0.08355,0.00782037,0.0967241,0.00784561,0.0920158,0.248816,0.192794
0.0837,0.00801988,0.0966754,0.00773601,0.0918882,0.248673,0.193109
0.08385,0.00821939,0.0966268,0.00762643,0.0917607,0.24853,0.193424
0.084,0.0084189,0.0965782,0.00751683,0.0916331,0.248387,0.193739
0.08415,0.00861842,0.0965295,0.00740724,0.0915056,0.248244,0.194054
0.0843,0.00881792,0.0964809,0.00729765,0.091378,0.248101,0.194369
0.08445,0.0089764,0.0964335,0.00719673,0.0912532,0.247838,0.194538
0.0846,0.00909384,0.0963873,0.00710449,0.0911311,0.247455,0.194563
0.08475,0.00921128,0.0963411,0.00701225,0.091009,0.247071,0.194587
0.0849,0.00932872,0.0962949,0.00692001,0.090887,0.246687,0.194612
0.08505,0.00944616,0.0962486,0.00682776,0.0907649,0.246304,0.194636
0.0852,0.00956359,0.0962024,0.00673552,0.0906428,0.24592,0.194661
0.08535,0.00968103,0.0961562,0.00664328,0.0905207,0.245537,0.194685
0.0855,0.00979847,0.09611,0.00655104,0.0903987,0.245153,0.19471
0.08565,0.00991591,0.0960638,0.0064588,0.0902766,0.244769,0.194734
0.0858,0.0100334,0.0960176,0.00636656,0.0901545,0.244386,0.194759
0.08595,0.0101508,0.0959714,0.00627431,0.0900325,0.244002,0.194783
0.0861,0.0102682,0.0959252,0.00618207,0.0899104,0.243619,0.194808
0.08625,0.0103857,0.0958789,0.00608983,0.0897883,0.243235,0.194832
0.0864,0.0105031,0.0958327,0.00599759,0.0896662,0.242851,0.194857
0.08655,0.0106205,0.0957865,0.00590535,0.0895442,0.242468,0.194881
0.0867,0.010738,0.0957403,0.0058131,0.0894221,0.242084,0.194906
0.08685,0.0108554,0.0956941,0.00572086,0.0893,0.241701,0.194931
0.087,0.0109729,0.0956479,0.00562862,0.089178,0.241317,0.194955
0.08715,0.0110903,0.0956017,0.00553638,0.0890559,0.240933,0.19498
0.0873,0.0112077,0.0955555,0.00544413,0.0889338,0.24055,0.195004
0.08745,0.0113252,0.0955093,0.0053519,0.0888117,0.240166,0.195029
0.0876,0.0114426,0.095463,0.00525965,0.0886897,0.239783,0.195053
0.08775,0.0115601,0.0954168,0.00516741,0.0885676,0.239399,0.195078
0.0879,0.0116775,0.0953706,0.00507517,0.0884455,0.239015,0.195102
0.08805,0.0117949,0.0953244,0.00498293,0.0883234,0.238632,0.195127
0.0882,0.0119124,0.0952782,0.00489068,0.0882014,0.238248,0.195151
0.08835,0.0120298,0.095232,0.00479844,0.0880793,0.237865,0.195176
0.0885,0.0121473,0.0951858,0.0047062,0.0879572,0.237481,0.1952
0.08865,0.0122647,0.0951396,0.00461396,0.0878352,0.237097,0.195225
0.0888,0.0123821,0.0950934,0.00452172,0.0877131,0.236714,0.195249
0.08895,0.0124996,0.0950471,0.00442948,0.087591,0.23633,0.195274
0.0891,0.0125903,0.0950082,0.00432209,0.0874661,0.235891,0.195222
0.08925,0.0126009,0.094991,0.0041693,0.0873328,0.235286,0.194941
0.0894,0.0126115,0.0949737,0.00401651,0.0871995,0.234681,0.194659
0.08955,0.0126222,0.0949565,0.00386371,0.0870662,0.234076,0.194378
0.0897,0.0126328,0.0949393,0.00371092,0.086933,0.233471,0.194097
0.08985,0.0126434,0.0949221,0.00355812,0.0867997,0.232865,0.193816
0.09,0.012654,0.0949049,0.00340532,0.0866664,0.23226,0.193535
0.09015,0.0126647,0.0948877,0.00325253,0.0865331,0.231655,0.193254
0.0903,0.0126753,0.0948704,0.00309974,0.0863998,0.23105,0.192973
0.09045,0.0126859,0.0948532,0.00294695,0.0862665,0.230445,0.192691
0.0906,0.0126965,0.094836,0.00279415,0.0861332,0.229839,0.19241
0.09075,0.0127072,0.0948188,0.00264135,0.0859999,0.229234,0.192129
0.0909,0.0127178,0.0948016,0.00248856,0.0858666,0.228629,0.191848
0.09105,0.0127284,0.0947844,0.00233576,0.0857333,0.228024,0.191567
0.0912,0.012739,0.0947672,0.00218297,0.0856,0.227419,0.191286
0.09135,0.0127496,0.0947499,0.00203018,0.0854667,0.226814,0.191004
0.0915,0.0127603,0.0947327,0.00187738,0.0853334,0.226208,0.190723
0.09165,0.0127709,0.0947155,0.00172458,0.0852001,0.225603,0.190442
0.0918,0.0127815,0.0946983,0.00157179,0.0850668,0.224998,0.190161
0.09195,0.0127921,0.0946811,0.00141899,0.0849335,0.224393,0.18988
0.0921,0.0128028,0.0946639,0.0012662,0.0848002,0.223788,0.189599
0.09225,0.0128134,0.0946466,0.00111341,0.0846669,0.223182,0.189318
0.0924,0.012824,0.0946294,0.00096061,0.0845336,0.222577,0.189036
0.09255,0.0128346,0.0946122,0.000807813,0.0844003,0.221972,0.188755
0.0927,0.0128452,0.094595,0.000655023,0.084267,0.221367,0.188474
0.09285,0.0128559,0.0945778,0.000502225,0.0841338,0.220762,0.188193
0.093,0.0128665,0.0945606,0.000349428,0.0840005,0.220157,0.187912
0.09315,0.0128771,0.0945433,0.000196638,0.0838672,0.219551,0.187631
0.0933,0.0128877,0.0945261,4.38407e-05,0.0837339,0.218946,0.187349
0.09345,0.0128984,0.0945089,-0.000108957,0.0836006,0.218341,0.187068
0.0936,0.012909,0.0944917,-0.000261747,0.0834673,0.217736,0.186787
0.09375,0.0129196,0.0944745,-0.000414544,0.083334,0.217131,0.186506
0.0939,0.0128676,0.0944896,-0.000578439,0.0831975,0.216354,0.186124
0.09405,0.0128156,0.0945047,-0.000742326,0.083061,0.215578,0.185742
0.0942,0.0127636,0.0945198,-0.000906221,0.0829245,0.214802,0.18536
0.09435,0.0127116,0.094535,-0.00107012,0.082788,0.214025,0.184977
0.0945,0.0126596,0.0945501,-0.001234,0.0826515,0.213249,0.184595
0.09465,0.0126077,0.0945652,-0.0013979,0.082515,0.212473,0.184213
0.0948,0.0125557,0.0945803,-0.00156179,0.0823785,0.211696,0.183831
0.09495,0.0125037,0.0945955,-0.00172568,0.082242,0.21092,0.183449
0.0951,0.0124517,0.0946106,-0.00188957,0.0821055,0.210144,0.183067
0.09525,0.0123997,0.0946257,-0.00205347,0.081969,0.209367,0.182685
0.0954,0.0123477,0.0946408,-0.00221736,0.0818325,0.208591,0.182303
0.09555,0.0122957,0.094656,-0.00238125,0.081696,0.207815,0.18192
0.0957,0.0122437,0.0946711,-0.00254515,0.0815595,0.207038,0.181538
0.09585,0.0121917,0.0946862,-0.00270903,0.0814231,0.206262,0.181156
0.096,0.0121397,0.0947013,-0.00287293,0.0812866,0.205486,0.180774
0.09615,0.0120877,0.0947164,-0.00303682,0.0811501,0.204709,0.180392
0.0963,0.0120357,0.0947316,-0.00320071,0.0810136,0.203933,0.18001
0.09645,0.0119838,0.0947467,-0.00336461,0.0808771,0.203157,0.179628
0.0966,0.0119318,0.0947618,-0.0035285,0.0807406,0.20238,0.179246
0.09675,0.0118798,0.0947769,-0.00369239,0.0806041,0.201604,0.178863
0.0969,0.0118278,0.0947921,-0.00385628,0.0804676,0.200827,0.178481
0.09705,0.0117758,0.0948072,-0.00402018,0.0803311,0.200051,0.178099
0.0972,0.0117238,0.0948223,-0.00418406,0.0801946,0.199275,0.177717
0.09735,0.0116718,0.0948374,-0.00434796,0.0800581,0.198498,0.177335
0.0975,0.0116198,0.0948525,-0.00451185,0.0799216,0.197722,0.176953
0.09765,0.0115678,0.0948677,-0.00467574,0.0797851,0.196946,0.176571
0.0978,0.0115158,0.0948828,-0.00483964,0.0796486,0.196169,0.176189
0.09795,0.0114638,0.0948979,-0.00500352,0.0795121,0.195393,0.175806
0.0981,0.0114118,0.094913,-0.00516742,0.0793756,0.194617,0.175424
0.09825,0.0113599,0.0949282,-0.00533131,0.0792391,0.19384,0.175042
0.0984,0.0113079,0.0949433,-0.0054952,0.0791026,0.193064,0.17466
0.09855,0.0112442,0.0949993,-0.00556995,0.0790385,0.192223,0.174471
0.0987,0.0111767,0.095069,-0.00561498,0.0789984,0.191359,0.174346
0.09885,0.0111091,0.0951388,-0.00566001,0.0789583,0.190496,0.174221
0.099,0.0110416,0.0952085,-0.00570504,0.0789182,0.189633,0.174096
0.09915,0.010974,0.0952782,-0.00575007,0.0788782,0.18877,0.173971
0.0993,0.0109065,0.0953479,-0.0057951,0.0788381,0.187906,0.173846
0.09945,0.0108389,0.0954176,-0.00584014,0.078798,0.187043,0.173721
0.0996,0.0107714,0.0954873,-0.00588517,0.078758,0.18618,0.173596
0.09975,0.0107038,0.095557,-0.0059302,0.0787179,0.185317,0.173471
0.0999,0.0106363,0.0956267,-0.00597523,0.0786778,0.184453,0.173346
0.10005,0.0105687,0.0956964,-0.00602026,0.0786378,0.18359,0.173221
0.1002,0.0105012,0.0957661,-0.00606529,0.0785977,0.182727,0.173097
0.10035,0.0104336,0.0958358,-0.00611032,0.0785576,0.181864,0.172972
0.1005,0.0103661,0.0959056,-0.00615535,0.0785175,0.181,0.172847
0.10065,0.0102985,0.0959753,-0.00620038,0.0784775,0.180137,0.172722
0.1008,0.010231,0.096045,-0.00624542,0.0784374,0.179274,0.172597
0.10095,0.0101634,0.0961147,-0.00629045,0.0783973,0.178411,0.172472
0.1011,0.0100959,0.0961844,-0.00633548,0.0783573,0.177547,0.172347
0.10125,0.0100283,0.0962541,-0.00638051,0.0783172,0.176684,0.172222
0.1014,0.00996076,0.0963238,-0.00642554,0.0782771,0.175821,0.172097
0.10155,0.00989321,0.0963935,-0.00647057,0.0782371,0.174958,0.171972
0.1017,0.00982566,0.0964632,-0.0065156,0.078197,0.174094,0.171847
0.10185,0.00975811,0.0965329,-0.00656063,0.0781569,0.173231,0.171722
0.102,0.00969056,0.0966026,-0.00660566,0.0781169,0.172368,0.171597
0.10215,0.00962301,0.0966723,-0.00665069,0.0780768,0.171505,0.171472
0.1023,0.00955546,0.0967421,-0.00669573,0.0780367,0.170641,0.171347
0.10245,0.00948791,0.0968118,-0.00674076,0.0779966,0.169778,0.171222
0.1026,0.00942036,0.0968815,-0.00678579,0.0779566,0.168915,0.171097
0.10275,0.00935281,0.0969512,-0.00683082,0.0779165,0.168052,0.170972
0.1029,0.00928527,0.0970209,-0.00687585,0.0778764,0.167188,0.170848
0.10305,0.00921772,0.0970906,-0.00692088,0.0778364,0.166325,0.170723
0.1032,0.00916531,0.097145,-0.00691654,0.0779071,0.165464,0.170716
0.10335,0.00912806,0.097184,-0.00686284,0.0780885,0.164605,0.170828
0.1035,0.0090908,0.0972231,-0.00680914,0.07827,0.163747,0.17094
0.10365,0.00905355,0.0972622,-0.00675544,0.0784514,0.162888,0.171052
0.1038,0.00901629,0.0973012,-0.00670174,0.0786329,0.16203,0.171164
0.10395,0.00897904,0.0973403,-0.00664803,0.0788144,0.161171,0.171276
0.1041,0.00894178,0.0973793,-0.00659433,0.0789958,0.160312,0.171388
0.10425,0.00890453,0.0974184,-0.00654063,0.0791773,0.159454,0.1715
0.1044,0.00886727,0.0974574,-0.00648693,0.0793587,0.158595,0.171612
0.10455,0.00883002,0.0974965,-0.00643323,0.0795402,0.157736,0.171724
0.1047,0.00879276,0.0975356,-0.00637953,0.0797217,0.156878,0.171836
0.10485,0.00875551,0.0975746,-0.00632582,0.0799031,0.156019,0.171948
0.105,0.00871825,0.0976137,-0.00627212,0.0800846,0.15516,0.17206
0.10515,0.008681,0.0976527,-0.00621842,0.080266,0.154302,0.172172
0.1053,0.00864374,0.0976918,-0.00616472,0.0804475,0.153443,0.172284
0.10545,0.00860649,0.0977308,-0.00611102,0.0806289,0.152584,0.172396
0.1056,0.00856923,0.0977699,-0.00605732,0.0808104,0.151726,0.172508
0.10575,0.00853198,0.097809,-0.00600361,0.0809919,0.150867,0.17262
0.1059,0.00849472,0.097848,-0.00594991,0.0811733,0.150008,0.172732
0.10605,0.00845747,0.0978871,-0.00589621,0.0813548,0.14915,0.172844
0.1062,0.00842021,0.0979261,-0.00584251,0.0815363,0.148291,0.172956
0.10635,0.00838296,0.0979652,-0.00578881,0.0817177,0.147433,0.173068
0.1065,0.0083457,0.0980042,-0.0057351,0.0818992,0.146574,0.17318
0.10665,0.00830845,0.0980433,-0.0056814,0.0820806,0.145715,0.173292
0.1068,0.00827119,0.0980824,-0.0056277,0.0822621,0.144857,0.173404
0.10695,0.00823394,0.0981214,-0.005574,0.0824435,0.143998,0.173516
0.1071,0.00819668,0.0981605,-0.0055203,0.082625,0.143139,0.173628
0.10725,0.00815943,0.0981995,-0.0054666,0.0828065,0.142281,0.17374
0.1074,0.00812217,0.0982386,-0.00541289,0.0829879,0.141422,0.173852
0.10755,0.00808492,0.0982776,-0.00535919,0.0831694,0.140563,0.173964
0.1077,0.00804766,0.0983167,-0.00530549,0.0833508,0.139705,0.174076
0.10785,0.00801123,0.098326,-0.00524486,0.0835246,0.13887,0.174177
0.108,0.00797726,0.0982462,-0.00516344,0.083675,0.138107,0.174246
0.10815,0.00794328,0.0981663,-0.00508202,0.0838255,0.137343,0.174316
0.1083,0.00790931,0.0980865,-0.00500061,0.0839759,0.13658,0.174385
0.10845,0.00787534,0.0980066,-0.00491919,0.0841264,0.135817,0.174455
0.1086,0.00784137,0.0979268,-0.00483777,0.0842768,0.135054,0.174524
0.10875,0.00780739,0.0978469,-0.00475635,0.0844273,0.13429,0.174593
0.1089,0.00777342,0.097767,-0.00467493,0.0845777,0.133527,0.174663
0.10905,0.00773945,0.0976872,-0.00459352,0.0847282,0.132764,0.174732
0.1092,0.00770548,0.0976073,-0.0045121,0.0848786,0.132,0.174802
0.10935,0.0076715,0.0975275,-0.00443068,0.0850291,0.131237,0.174871
0.1095,0.00763753,0.0974476,-0.00434926,0.0851795,0.130474,0.17494
0.10965,0.00760356,0.0973677,-0.00426784,0.08533,0.129711,0.17501
0.1098,0.00756959,0.0972879,-0.00418642,0.0854804,0.128947,0.175079
0.10995,0.00753562,0.097208,-0.00410501,0.0856309,0.128184,0.175149
0.1101,0.00750164,0.0971282,-0.00402359,0.0857813,0.127421,0.175218
0.11025,0.00746767,0.0970483,-0.00394217,0.0859318,0.126657,0.175288
0.1104,0.0074337,0.0969685,-0.00386075,0.0860822,0.125894,0.175357
0.11055,0.00739972,0.0968886,-0.00377933,0.0862327,0.125131,0.175426
0.1107,0.00736575,0.0968088,-0.00369792,0.0863832,0.124368,0.175496
0.11085,0.00733178,0.0967289,-0.0036165,0.0865336,0.123604,0.175565
0.111,0.00729781,0.096649,-0.00353508,0.0866841,0.122841,0.175635
0.11115,0.00726384,0.0965692,-0.00345366,0.0868345,0.122078,0.175704
0.1113,0.00722986,0.0964893,-0.00337224,0.086985,0.121315,0.175773
0.11145,0.00719589,0.0964095,-0.00329083,0.0871354,0.120551,0.175843
0.1116,0.00716192,0.0963296,-0.00320941,0.0872859,0.119788,0.175912
0.11175,0.00712795,0.0962498,-0.00312799,0.0874363,0.119025,0.175982
0.1119,0.00709397,0.0961699,-0.00304657,0.0875868,0.118261,0.176051
0.11205,0.00706,0.09609,-0.00296516,0.0877372,0.117498,0.176121
0.1122,0.00702603,0.0960102,-0.00288374,0.0878877,0.116735,0.17619
0.11235,0.00699206,0.0959303,-0.00280232,0.0880381,0.115972,0.176259
0.1125,0.00695808,0.0958505,-0.0027209,0.0881886,0.115208,0.176329
0.11265,0.00687116,0.0956756,-0.00266099,0.0880831,0.114543,0.176371
0.1128,0.00678424,0.0955007,-0.00260108,0.0879776,0.113879,0.176413
0.11295,0.00669732,0.0953259,-0.00254118,0.0878722,0.113214,0.176456
0.1131,0.00661039,0.095151,-0.00248127,0.0877667,0.112549,0.176498
0.11325,0.00652347,0.0949761,-0.00242136,0.0876612,0.111884,0.17654
0.1134,0.00643655,0.0948012,-0.00236145,0.0875558,0.111219,0.176582
0.11355,0.00634963,0.0946264,-0.00230154,0.0874503,0.110554,0.176625
0.1137,0.0062627,0.0944515,-0.00224163,0.0873448,0.109889,0.176667
0.11385,0.00617578,0.0942766,-0.00218172,0.0872394,0.109225,0.176709
0.114,0.00608886,0.0941017,-0.00212182,0.0871339,0.10856,0.176751
0.11415,0.00600194,0.0939269,-0.00206191,0.0870284,0.107895,0.176794
0.1143,0.00591502,0.093752,-0.002002,0.086923,0.10723,0.176836
0.11445,0.00582809,0.0935771,-0.00194209,0.0868175,0.106565,0.176878
0.1146,0.00574117,0.0934022,-0.00188218,0.086712,0.1059,0.17692
0.11475,0.00565425,0.0932274,-0.00182227,0.0866066,0.105235,0.176963
0.1149,0.00556733,0.0930525,-0.00176236,0.0865011,0.104571,0.177005
0.11505,0.0054804,0.0928776,-0.00170246,0.0863956,0.103906,0.177047
0.1152,0.00539348,0.0927028,-0.00164255,0.0862901,0.103241,0.177089
0.11535,0.00530656,0.0925279,-0.00158264,0.0861847,0.102576,0.177132
0.1155,0.00521964,0.092353,-0.00152273,0.0860792,0.101911,0.177174
0.11565,0.00513272,0.0921781,-0.00146282,0.0859737,0.101246,0.177216
0.1158,0.00504579,0.0920033,-0.00140291,0.0858683,0.100581,0.177258
0.11595,0.00495887,0.0918284,-0.001343,0.0857628,0.0999165,0.177301
0.1161,0.00487195,0.0916535,-0.0012831,0.0856573,0.0992517,0.177343
0.11625,0.00478503,0.0914787,-0.00122319,0.0855519,0.0985868,0.177385
0.1164,0.0046981,0.0913038,-0.00116328,0.0854464,0.097922,0.177427
0.11655,0.00461118,0.0911289,-0.00110337,0.0853409,0.0972571,0.17747
0.1167,0.00452426,0.090954,-0.00104346,0.0852355,0.0965923,0.177512
0.11685,0.00443733,0.0907792,-0.000983554,0.08513,0.0959274,0.177554
0.117,0.00435042,0.0906043,-0.000923647,0.0850245,0.0952625,0.177596
0.11715,0.00426349,0.0904294,-0.000863738,0.0849191,0.0945977,0.177639
0.1173,0.00418918,0.0902132,-0.000879206,0.08476,0.0938645,0.177589
0.11745,0.00411906,0.0899832,-0.000919801,0.0845831,0.0931084,0.17751
0.1176,0.00404895,0.0897531,-0.000960396,0.0844061,0.0923524,0.17743
0.11775,0.00397884,0.0895231,-0.00100099,0.0842292,0.0915964,0.177351
0.1179,0.00390873,0.0892931,-0.00104158,0.0840523,0.0908404,0.177271
0.11805,0.00383861,0.0890631,-0.00108218,0.0838753,0.0900844,0.177191
0.1182,0.0037685,0.0888331,-0.00112277,0.0836984,0.0893284,0.177112
0.11835,0.00369839,0.088603,-0.00116337,0.0835215,0.0885723,0.177032
0.1185,0.00362827,0.088373,-0.00120396,0.0833445,0.0878163,0.176953
0.11865,0.00355816,0.088143,-0.00124456,0.0831676,0.0870603,0.176873
0.1188,0.00348805,0.087913,-0.00128515,0.0829907,0.0863043,0.176793
0.11895,0.00341793,0.0876829,-0.00132575,0.0828137,0.0855483,0.176714
0.1191,0.00334782,0.0874529,-0.00136634,0.0826368,0.0847923,0.176634
0.11925,0.00327771,0.0872229,-0.00140694,0.0824599,0.0840362,0.176555
0.1194,0.0032076,0.0869929,-0.00144753,0.0822829,0.0832802,0.176475
0.11955,0.00313748,0.0867628,-0.00148812,0.082106,0.0825242,0.176396
0.1197,0.00306737,0.0865328,-0.00152872,0.0819291,0.0817682,0.176316
0.11985,0.00299726,0.0863028,-0.00156931,0.0817521,0.0810121,0.176236
0.12,0.00292715,0.0860728,-0.00160991,0.0815752,0.0802562,0.176157
0.12015,0.00285703,0.0858428,-0.0016505,0.0813983,0.0795001,0.176077
0.1203,0.00278692,0.0856127,-0.0016911,0.0812213,0.0787441,0.175998
0.12045,0.00271681,0.0853827,-0.00173169,0.0810444,0.0779881,0.175918
0.1206,0.00264669,0.0851527,-0.00177229,0.0808675,0.0772321,0.175838
0.12075,0.00257658,0.0849227,-0.00181288,0.0806905,0.076476,0.175759
0.1209,0.00250647,0.0846926,-0.00185347,0.0805136,0.07572,0.175679
0.12105,0.00243635,0.0844626,-0.00189407,0.0803367,0.074964,0.1756
0.1212,0.00236624,0.0842326,-0.00193467,0.0801597,0.074208,0.17552
0.12135,0.00229613,0.0840026,-0.00197526,0.0799828,0.073452,0.17544
0.1215,0.00222602,0.0837726,-0.00201585,0.0798059,0.072696,0.175361
0.12165,0.0021559,0.0835425,-0.00205645,0.0796289,0.0719399,0.175281
0.1218,0.00208579,0.0833125,-0.00209704,0.079452,0.0711839,0.175202
0.12195,0.002036,0.0830604,-0.00218242,0.0793135,0.0703183,0.175016
0.1221,0.00200653,0.0827862,-0.0023126,0.0792133,0.069343,0.174724
0.12225,0.00197706,0.082512,-0.00244276,0.0791131,0.0683677,0.174433
0.1224,0.0019476,0.0822378,-0.00257293,0.079013,0.0673924,0.174141
0.12255,0.00191813,0.0819636,-0.0027031,0.0789128,0.0664171,0.173849
0.1227,0.00188866,0.0816894,-0.00283327,0.0788126,0.0654418,0.173557
0.12285,0.00185919,0.0814153,-0.00296344,0.0787125,0.0644665,0.173266
0.123,0.00182973,0.0811411,-0.00309361,0.0786123,0.0634912,0.172974
0.12315,0.00180026,0.0808669,-0.00322378,0.0785121,0.062516,0.172682
0.1233,0.00177079,0.0805927,-0.00335395,0.0784119,0.0615407,0.172391
0.12345,0.00174132,0.0803185,-0.00348412,0.0783118,0.0605654,0.172099
0.1236,0.00171186,0.0800443,-0.00361429,0.0782116,0.0595901,0.171807
0.12375,0.00168239,0.0797701,-0.00374446,0.0781114,0.0586148,0.171516
0.1239,0.00165292,0.0794959,-0.00387462,0.0780113,0.0576396,0.171224
0.12405,0.00162345,0.0792217,-0.00400479,0.0779111,0.0566643,0.170932
0.1242,0.00159399,0.0789475,-0.00413497,0.0778109,0.055689,0.17064
0.12435,0.00156452,0.0786733,-0.00426513,0.0777108,0.0547137,0.170349
0.1245,0.00153505,0.0783991,-0.0043953,0.0776106,0.0537384,0.170057
0.12465,0.00150558,0.078125,-0.00452547,0.0775104,0.0527631,0.169765
0.1248,0.00147612,0.0778508,-0.00465564,0.0774103,0.0517878,0.169474
0.12495,0.00144665,0.0775766,-0.00478581,0.0773101,0.0508125,0.169182
0.1251,0.00141718,0.0773024,-0.00491598,0.0772099,0.0498372,0.16889
0.12525,0.00138772,0.0770282,-0.00504615,0.0771098,0.048862,0.168599
0.1254,0.00135825,0.076754,-0.00517633,0.0770096,0.0478866,0.168307
0.12555,0.00132878,0.0764798,-0.00530649,0.0769094,0.0469114,0.168015
0.1257,0.00129931,0.0762056,-0.00543666,0.0768093,0.0459361,0.167723
0.12585,0.00126984,0.0759314,-0.00556683,0.0767091,0.0449608,0.167432
0.126,0.00124038,0.0756572,-0.005697,0.0766089,0.0439855,0.16714
0.12615,0.00121091,0.075383,-0.00582716,0.0765088,0.0430102,0.166848
0.1263,0.00118144,0.0751088,-0.00595734,0.0764086,0.0420349,0.166557
0.12645,0.00115197,0.0748347,-0.00608751,0.0763084,0.0410596,0.166265
0.1266,0.00113008,0.0745564,-0.00620448,0.0762276,0.040068,0.165987
0.12675,0.00113092,0.0742657,-0.00628188,0.0762048,0.0390269,0.165752
0.1269,0.00113175,0.073975,-0.00635928,0.0761819,0.037986,0.165516
0.12705,0.00113258,0.0736844,-0.00643667,0.0761591,0.036945,0.165281
0.1272,0.00113341,0.0733937,-0.00651407,0.0761363,0.035904,0.165045
0.12735,0.00113425,0.073103,-0.00659147,0.0761134,0.0348631,0.164809
0.1275,0.00113508,0.0728124,-0.00666886,0.0760906,0.0338221,0.164574
0.12765,0.00113591,0.0725217,-0.00674625,0.0760678,0.0327812,0.164338
0.1278,0.00113674,0.072231,-0.00682366,0.0760449,0.0317401,0.164103
0.12795,0.00113758,0.0719404,-0.00690105,0.0760221,0.0306992,0.163867
0.1281,0.00113841,0.0716497,-0.00697845,0.0759993,0.0296583,0.163632
0.12825,0.00113924,0.0713591,-0.00705585,0.0759764,0.0286172,0.163396
0.1284,0.00114008,0.0710684,-0.00713324,0.0759536,0.0275763,0.163161
0.12855,0.00114091,0.0707777,-0.00721064,0.0759308,0.0265353,0.162925
0.1287,0.00114174,0.0704871,-0.00728804,0.0759079,0.0254943,0.162689
0.12885,0.00114257,0.0701964,-0.00736543,0.0758851,0.0244534,0.162454
0.129,0.00114341,0.0699058,-0.00744283,0.0758623,0.0234124,0.162218
0.12915,0.00114424,0.0696151,-0.00752023,0.0758394,0.0223714,0.161983
0.1293,0.00114507,0.0693244,-0.00759762,0.0758166,0.0213305,0.161747
0.12945,0.00114591,0.0690338,-0.00767502,0.0757938,0.0202895,0.161512
0.1296,0.00114674,0.0687431,-0.00775242,0.0757709,0.0192485,0.161276
0.12975,0.00114757,0.0684524,-0.00782981,0.0757481,0.0182075,0.161041
0.1299,0.0011484,0.0681618,-0.00790721,0.0757253,0.0171666,0.160805
0.13005,0.00114924,0.0678711,-0.00798461,0.0757024,0.0161256,0.160569
0.1302,0.00115007,0.0675804,-0.008062,0.0756796,0.0150846,0.160334
0.13035,0.0011509,0.0672898,-0.0081394,0.0756568,0.0140437,0.160098
0.1305,0.00115173,0.0669991,-0.0082168,0.0756339,0.0130026,0.159863
0.13065,0.00115257,0.0667085,-0.00829419,0.0756111,0.0119617,0.159627
0.1308,0.0011534,0.0664178,-0.00837159,0.0755883,0.0109208,0.159392
0.13095,0.00115423,0.0661271,-0.00844899,0.0755654,0.00987972,0.159156
0.1311,0.00115507,0.0658365,-0.00852638,0.0755426,0.00883878,0.158921
0.13125,0.0011559,0.0655458,-0.00860378,0.0755198,0.00779784,0.158685
0.1314,0.00114332,0.0651906,-0.0085081,0.0755148,0.00693445,0.158437
0.13155,0.00113074,0.0648354,-0.00841243,0.0755098,0.00607115,0.158189
0.1317,0.00111816,0.0644802,-0.00831676,0.0755048,0.00520785,0.157942
0.13185,0.00110557,0.064125,-0.00822108,0.0754998,0.00434446,0.157694
0.132,0.00109299,0.0637698,-0.00812541,0.0754948,0.00348116,0.157446
0.13215,0.00108041,0.0634147,-0.00802973,0.0754898,0.00261786,0.157198
0.1323,0.00106783,0.0630594,-0.00793405,0.0754848,0.00175448,0.15695
0.13245,0.00105525,0.0627043,-0.00783838,0.0754798,0.000891178,0.156702
0.1326,0.00104267,0.0623491,-0.00774271,0.0754748,2.78779e-05,0.156455
0.13275,0.00103009,0.0619939,-0.00764703,0.0754698,-0.000835508,0.156207
0.1329,0.00101751,0.0616387,-0.00755136,0.0754648,-0.00169881,0.155959
0.13305,0.00100492,0.0612835,-0.00745568,0.0754598,-0.00256211,0.155711
0.1332,0.000992343,0.0609283,-0.00736,0.0754548,-0.00342549,0.155463
0.13335,0.000979762,0.0605731,-0.00726433,0.0754498,-0.00428879,0.155216
0.1335,0.000967181,0.0602179,-0.00716866,0.0754448,-0.00515209,0.154968
0.13365,0.000954599,0.0598627,-0.00707298,0.0754399,-0.00601548,0.15472
0.1338,0.000942018,0.0595075,-0.00697731,0.0754349,-0.00687878,0.154472
0.13395,0.000929438,0.0591523,-0.00688163,0.0754299,-0.00774208,0.154224
0.1341,0.000916856,0.0587971,-0.00678595,0.0754249,-0.00860547,0.153976
0.13425,0.000904275,0.0584419,-0.00669028,0.0754199,-0.00946877,0.153729
0.1344,0.000891694,0.0580868,-0.00659461,0.0754149,-0.0103321,0.153481
0.13455,0.000879112,0.0577315,-0.00649893,0.0754099,-0.0111955,0.153233
0.1347,0.000866531,0.0573764,-0.00640326,0.0754049,-0.0120588,0.152985
0.13485,0.000853951,0.0570212,-0.00630758,0.0753999,-0.0129221,0.152737
0.135,0.000841369,0.056666,-0.0062119,0.0753949,-0.0137854,0.15249
0.13515,0.000828788,0.0563108,-0.00611623,0.0753899,-0.0146487,0.152242
0.1353,0.000816207,0.0559556,-0.00602056,0.0753849,-0.015512,0.151994
0.13545,0.000803625,0.0556004,-0.00592488,0.0753799,-0.0163754,0.151746
0.1356,0.000791044,0.0552452,-0.00582921,0.0753749,-0.0172387,0.151498
0.13575,0.000778463,0.05489,-0.00573353,0.0753699,-0.018102,0.15125
0.1359,0.000765881,0.0545348,-0.00563785,0.0753649,-0.0189654,0.151003
0.13605,0.000750675,0.0540861,-0.00549591,0.0753181,-0.0196538,0.150614
0.1362,0.000734594,0.0536063,-0.00533855,0.0752573,-0.0202838,0.150179
0.13635,0.000718511,0.0531264,-0.00518117,0.0751965,-0.0209139,0.149744
0.1365,0.000702429,0.0526465,-0.00502381,0.0751358,-0.021544,0.149309
0.13665,0.000686348,0.0521666,-0.00486645,0.075075,-0.022174,0.148874
0.1368,0.000670265,0.0516867,-0.00470907,0.0750142,-0.0228041,0.148439
0.13695,0.000654184,0.0512069,-0.00455171,0.0749534,-0.0234342,0.148004
0.1371,0.000638102,0.050727,-0.00439434,0.0748926,-0.0240642,0.147569
0.13725,0.000622019,0.0502471,-0.00423697,0.0748318,-0.0246943,0.147133
0.1374,0.000605938,0.0497673,-0.0040796,0.074771,-0.0253244,0.146698
0.13755,0.000589856,0.0492874,-0.00392224,0.0747103,-0.0259544,0.146263
0.1377,0.000573773,0.0488075,-0.00376486,0.0746495,-0.0265845,0.145828
0.13785,0.000557692,0.0483276,-0.0036075,0.0745887,-0.0272146,0.145393
0.138,0.000541611,0.0478478,-0.00345014,0.0745279,-0.0278446,0.144958
0.13815,0.000525528,0.0473679,-0.00329276,0.0744671,-0.0284747,0.144523
0.1383,0.000509446,0.046888,-0.0031354,0.0744063,-0.0291048,0.144088
0.13845,0.000493365,0.0464082,-0.00297804,0.0743456,-0.0297348,0.143653
0.1386,0.000477282,0.0459282,-0.00282066,0.0742848,-0.030365,0.143217
0.13875,0.000461201,0.0454484,-0.0026633,0.074224,-0.030995,0.142782
0.1389,0.000445119,0.0449685,-0.00250593,0.0741632,-0.031625,0.142347
0.13905,0.000429036,0.0444886,-0.00234855,0.0741024,-0.0322552,0.141912
0.1392,0.000412955,0.0440088,-0.00219119,0.0740416,-0.0328852,0.141477
0.13935,0.000396874,0.0435289,-0.00203383,0.0739808,-0.0335153,0.141042
0.1395,0.000380791,0.043049,-0.00187645,0.07392,-0.0341454,0.140607
0.13965,0.000364709,0.0425691,-0.00171909,0.0738593,-0.0347754,0.140172
0.1398,0.000348628,0.0420893,-0.00156173,0.0737985,-0.0354055,0.139737
0.13995,0.000332545,0.0416094,-0.00140435,0.0737377,-0.0360356,0.139301
0.1401,0.000316463,0.0411295,-0.00124699,0.0736769,-0.0366656,0.138866
0.14025,0.000300382,0.0406497,-0.00108962,0.0736161,-0.0372957,0.138431
0.1404,0.000284299,0.0401698,-0.000932247,0.0735553,-0.0379258,0.137996
0.14055,0.000268218,0.0396899,-0.000774884,0.0734946,-0.0385558,0.137561
0.1407,0.000238941,0.0391426,-0.000676731,0.0733185,-0.0389761,0.136751
0.14085,0.00019647,0.0385278,-0.000637787,0.0730271,-0.0391866,0.135566
0.141,0.000153994,0.037913,-0.000598839,0.0727356,-0.0393971,0.134381
0.14115,0.000111522,0.0372982,-0.000559895,0.0724442,-0.0396076,0.133196
0.1413,6.90505e-05,0.0366834,-0.000520951,0.0721528,-0.0398181,0.132011
0.14145,2.65747e-05,0.0360686,-0.000482003,0.0718614,-0.0400286,0.130825
0.1416,-1.58969e-05,0.0354538,-0.000443059,0.07157,-0.0402391,0.12964
0.14175,-5.83686e-05,0.0348391,-0.000404115,0.0712785,-0.0404495,0.128455
0.1419,-0.000100844,0.0342242,-0.000365167,0.0709871,-0.04066,0.12727
0.14205,-0.000143316,0.0336094,-0.000326223,0.0706957,-0.0408705,0.126085
0.1422,-0.000185788,0.0329947,-0.000287279,0.0704043,-0.041081,0.1249
0.14235,-0.000228263,0.0323798,-0.000248331,0.0701129,-0.0412915,0.123715
0.1425,-0.000270735,0.0317651,-0.000209387,0.0698215,-0.041502,0.12253
0.14265,-0.000313207,0.0311503,-0.000170443,0.06953,-0.0417125,0.121345
0.1428,-0.000355683,0.0305355,-0.000131495,0.0692386,-0.041923,0.12016
0.14295,-0.000398154,0.0299207,-9.25506e-05,0.0689472,-0.0421335,0.118975
0.1431,-0.000440626,0.0293059,-5.36065e-05,0.0686558,-0.042344,0.117789
0.14325,-0.000483102,0.0286911,-1.46585e-05,0.0683644,-0.0425545,0.116604
0.1434,-0.000525573,0.0280763,2.42856e-05,0.0680729,-0.042765,0.115419
0.14355,-0.000568045,0.0274615,6.32296e-05,0.0677815,-0.0429755,0.114234
0.1437,-0.000610521,0.0268467,0.000102178,0.0674901,-0.043186,0.113049
0.14385,-0.000652992,0.0262319,0.000141122,0.0671987,-0.0433965,0.111864
0.144,-0.000695464,0.0256172,0.000180066,0.0669073,-0.0436069,0.110679
0.14415,-0.00073794,0.0250023,0.000219014,0.0666158,-0.0438175,0.109494
0.1443,-0.000780411,0.0243875,0.000257958,0.0663244,-0.0440279,0.108309
0.14445,-0.000822883,0.0237728,0.000296902,0.066033,-0.0442384,0.107124
0.1446,-0.000865359,0.0231579,0.00033585,0.0657416,-0.0444489,0.105938
0.14475,-0.000907831,0.0225432,0.000374794,0.0654502,-0.0446594,0.104753
0.1449,-0.000950302,0.0219284,0.000413738,0.0651588,-0.0448699,0.103568
0.14505,-0.000992778,0.0213136,0.000452686,0.0648673,-0.0450804,0.102383
0.1452,-0.00103525,0.0206988,0.00049163,0.0645759,-0.0452909,0.101198
0.14535,-0.00105857,0.0200758,0.000516673,0.0638426,-0.0450852,0.0995069
0.1455,-0.00102442,0.0194282,0.000500005,0.061783,-0.0436308,0.0962968
0.14565,-0.000990273,0.0187806,0.000483339,0.0597237,-0.0421765,0.093087
0.1458,-0.000956127,0.018133,0.000466673,0.0576643,-0.0407222,0.0898772
0.14595,-0.000921977,0.0174853,0.000450005,0.0556047,-0.0392677,0.0866671
0.1461,-0.000887831,0.0168378,0.000433338,0.0535453,-0.0378134,0.0834573
0.14625,-0.000853685,0.0161902,0.000416672,0.051486,-0.0363591,0.0802475
0.1464,-0.000819535,0.0155425,0.000400004,0.0494264,-0.0349046,0.0770374
0.14655,-0.000785389,0.0148949,0.000383338,0.047367,-0.0334503,0.0738276
0.1467,-0.000751243,0.0142474,0.000366671,0.0453077,-0.031996,0.0706178
0.14685,-0.000717093,0.0135997,0.000350003,0.0432481,-0.0305415,0.0674077
0.147,-0.000682947,0.0129521,0.000333337,0.0411887,-0.0290872,0.0641979
0.14715,-0.000648801,0.0123045,0.000316671,0.0391294,-0.0276329,0.0609882
0.1473,-0.000614651,0.0116569,0.000300003,0.0370698,-0.0261784,0.057778
0.14745,-0.000580505,0.0110093,0.000283337,0.0350104,-0.0247241,0.0545683
0.1476,-0.000546359,0.0103617,0.00026667,0.032951,-0.0232698,0.0513585
0.14775,-0.000512209,0.00971407,0.000250002,0.0308915,-0.0218154,0.0481483
0.1479,-0.000478063,0.00906648,0.000233336,0.0288321,-0.0203611,0.0449386
0.14805,-0.000443917,0.0084189,0.00021667,0.0267727,-0.0189067,0.0417288
0.1482,-0.000409767,0.00777125,0.000200002,0.0247132,-0.0174523,0.0385187
0.14835,-0.000375621,0.00712367,0.000183335,0.0226538,-0.015998,0.0353089
0.1485,-0.000341474,0.00647608,0.000166669,0.0205944,-0.0145437,0.0320991
0.14865,-0.000307325,0.00582843,0.000150001,0.0185348,-0.0130892,0.028889
0.1488,-0.000273179,0.00518085,0.000133335,0.0164755,-0.0116349,0.0256792
0.14895,-0.000239032,0.00453326,0.000116668,0.0144161,-0.0101806,0.0224694
0.1491,-0.000204883,0.00388561,0.000100001,0.0123565,-0.00872611,0.0192593
0.14925,-0.000170737,0.00323803,8.33342e-05,0.0102972,-0.0072718,0.0160495
0.1494,-0.00013659,0.00259044,6.66679e-05,0.0082378,-0.00581748,0.0128397
0.14955,-0.000102441,0.00194279,4.99999e-05,0.00617823,-0.00436303,0.00962957
0.1497,-6.82945e-05,0.00129521,3.33336e-05,0.00411886,-0.00290871,0.00641978
0.14985,-3.41483e-05,0.000647624,1.66673e-05,0.00205949,-0.0014544,0.00320998
0.15,nan,nan,nan,nan,nan,nan
